<Book><BookInfo><ID>-1609205519982</ID><Name><![CDATA[]]></Name><BookType>interact_book_hor</BookType><DeviceType>ipad_book</DeviceType><DeviceVersion>ipad_version</DeviceVersion><PlatformType>ios_platform</PlatformType><Description><![CDATA[]]></Description><HomePageID>-1609206986629</HomePageID><StartPageTime><![CDATA[2]]></StartPageTime><IsLoadSnap>true</IsLoadSnap><IsLoadNavigation>true</IsLoadNavigation><BookFlipType>slider_flip</BookFlipType><BookNavType>threed_navigation_view</BookNavType><BookControllerType>book_view_type</BookControllerType><Proportion>false</Proportion><AndroidAdapterType>KEEPSIZE_SCALE</AndroidAdapterType><IsFree>false</IsFree><BackgroundMusicId>-1609604697751.mp3</BackgroundMusicId><BookMark><IsShowBookMark>false</IsShowBookMark><IsShowBookMarkLabel>true</IsShowBookMarkLabel><BookMarkLablePositon>left|bottom</BookMarkLablePositon><BookMarkLabelHorGap>20</BookMarkLabelHorGap><BookMarkLabelVerGap>20</BookMarkLabelVerGap><BookMarkLabelText><![CDATA[]]></BookMarkLabelText></BookMark><BookWidth>1024</BookWidth><BookHeight>768</BookHeight><ADType>-1</ADType><ADPosition>top</ADPosition><ExeStyleType>IOS_STYLE</ExeStyleType><ProductID></ProductID><ReferenceName><![CDATA[]]></ReferenceName><PushID></PushID><ActivePush>false</ActivePush><FullScreen>false</FullScreen><Buttons><Button><X>0</X><Y>0</Y><Width>44</Width><Height>44</Height><Type>home_page_btn</Type><isVisible>true</isVisible><LayoutType>LEFT_TOP</LayoutType><Vergap>0</Vergap><Horgap>0</Horgap><UserDefNav>false</UserDefNav><Source></Source><SelectedSource></SelectedSource></Button><Button><X>980</X><Y>0</Y><Width>44</Width><Height>44</Height><Type>open_navigate_btn</Type><isVisible>false</isVisible><LayoutType>RIGHT_TOP</LayoutType><Vergap>0</Vergap><Horgap>0</Horgap><UserDefNav>false</UserDefNav><Source></Source><SelectedSource></SelectedSource></Button><Button><X>0</X><Y>362</Y><Width>44</Width><Height>44</Height><Type>pre_page_btn</Type><isVisible>false</isVisible><LayoutType>LEFT_TOP</LayoutType><Vergap>362</Vergap><Horgap>0</Horgap><UserDefNav>false</UserDefNav><Source></Source><SelectedSource></SelectedSource></Button><Button><X>980</X><Y>362</Y><Width>44</Width><Height>44</Height><Type>next_page_btn</Type><isVisible>false</isVisible><LayoutType>RIGHT_TOP</LayoutType><Vergap>362</Vergap><Horgap>0</Horgap><UserDefNav>false</UserDefNav><Source></Source><SelectedSource></SelectedSource></Button></Buttons></BookInfo><Snapshots><Snapshot> <SnapshotId>-1609677135992.png</SnapshotId><SnapshotWidth>1024</SnapshotWidth><SnapshotHeight>768</SnapshotHeight><PageId>-1609205519997</PageId><PageTitle><![CDATA[]]></PageTitle></Snapshot> <Snapshot> <SnapshotId>-1609520638741.jpg</SnapshotId><SnapshotWidth>341.3333333333333</SnapshotWidth><SnapshotHeight>256</SnapshotHeight><PageId>-1609205520044</PageId><PageTitle><![CDATA[]]></PageTitle></Snapshot> <Snapshot> <SnapshotId>-1609670017334.jpg</SnapshotId><SnapshotWidth>341.3333333333333</SnapshotWidth><SnapshotHeight>256</SnapshotHeight><PageId>-1609205717074</PageId><PageTitle><![CDATA[]]></PageTitle></Snapshot> <Snapshot> <SnapshotId>-1609604467851.jpg</SnapshotId><SnapshotWidth>341.3333333333333</SnapshotWidth><SnapshotHeight>256</SnapshotHeight><PageId>-1609206986629</PageId><PageTitle><![CDATA[]]></PageTitle></Snapshot> <Snapshot> <SnapshotId>-1609520639382.jpg</SnapshotId><SnapshotWidth>341.3333333333333</SnapshotWidth><SnapshotHeight>256</SnapshotHeight><PageId>-1609410512136</PageId><PageTitle><![CDATA[]]></PageTitle></Snapshot> <Snapshot> <SnapshotId>-1609728623395.jpg</SnapshotId><SnapshotWidth>341.3333333333333</SnapshotWidth><SnapshotHeight>256</SnapshotHeight><PageId>-1609519023204</PageId><PageTitle><![CDATA[]]></PageTitle></Snapshot> <Snapshot> <SnapshotId>-1609670018341.jpg</SnapshotId><SnapshotWidth>341.3333333333333</SnapshotWidth><SnapshotHeight>256</SnapshotHeight><PageId>-1609519025221</PageId><PageTitle><![CDATA[]]></PageTitle></Snapshot> <Snapshot> <SnapshotId>-1609675075694.jpg</SnapshotId><SnapshotWidth>341.3333333333333</SnapshotWidth><SnapshotHeight>256</SnapshotHeight><PageId>-1609674633056</PageId><PageTitle><![CDATA[]]></PageTitle></Snapshot> </Snapshots><Pages><Page><ID>-1609205519997</ID></Page><Page><ID>-1609205520044</ID></Page><Page><ID>-1609205717074</ID></Page><Page><ID>-1609206986629</ID></Page><Page><ID>-1609410512136</ID></Page><Page><ID>-1609519023204</ID></Page><Page><ID>-1609519025221</ID></Page><Page><ID>-1609674633056</ID></Page></Pages><StartPageID>-1609205519997</StartPageID><Sections><Section><ID>-1609205520075</ID><Name>%E7%84%A1%E6%A8%99%E9%A1%8C%E5%8D%80%E6%AE%B5</Name><isReverseSize>false</isReverseSize><isNeedPaid>false</isNeedPaid><Pages><Page>-1609206986629</Page><Page>-1609205520044</Page><Page>-1609205717074</Page><Page>-1609519025221</Page><Page>-1609519023204</Page><Page>-1609674633056</Page><Page>-1609410512136</Page></Pages></Section></Sections></Book>